id,indegree,outdegree,degree,weighted indegree,weighted outdegree,weighted degree,eccentricity,closnesscentrality,harmonicclosnesscentrality,betweenesscentrality,modularity_class,pageranks,componentnumber,strongcompnum,clustering,eigencentrality
ACE2,1,3,4,-3.162670135,-0.427529991,-3.590200126,3,0.529411765,0.62962963,1,0,0.023531284,0,5,0.166666672,0.00444714
ASH1,0,2,2,0,-6.87493372,-6.87493372,3,0.571428571,0.708333333,0,1,0.018335517,0,6,0,0
CIN5,4,1,5,-0.832783014,0.092739247,-0.740043767,2,0.6,0.666666667,10.66666667,2,0.139469923,0,1,0.050000001,0.516322588
GCR2,0,1,1,0,-0.451856166,-0.451856166,3,0.444444444,0.541666667,0,3,0.018335517,0,7,0,0
GLN3,4,2,6,-1.304776013,-1.086868227,-2.391644239,3,0.5,0.611111111,6.333333333,4,0.188435082,0,1,0.300000012,1
HAP4,1,2,3,-5.22418499,-0.891815722,-6.116000712,5,0.36,0.485185185,9,4,0.03392282,0,8,0,0.00444714
HMO1,3,0,3,-0.963903844,0,-0.963903844,0,0,0,0,0,0.095484005,0,0,0,0.415694981
MSN2,4,3,7,0.117361538,-1.684912741,-1.567551203,2,0.75,0.833333333,12,0,0.221352004,0,1,0.266666681,0.864646826
SFP1,0,1,1,0,-5.22418499,-5.22418499,6,0.285714286,0.373333333,0,5,0.018335517,0,9,0,0
STB5,3,1,4,-2.244989138,2.963336945,0.718347806,1,1,1,7,7,0.039078693,0,3,0.083333336,0.100786893
SWI4,2,2,4,-0.532657713,4.096165949,3.563508237,4,0.444444444,0.552083333,13.66666667,2,0.041637449,0,4,0.083333336,0.096339753
SWI5,0,3,3,0,-9.024123192,-9.024123192,3,0.526315789,0.616666667,0,6,0.018335517,0,10,0.333333343,0
YHP1,4,4,8,-4.248517221,2.148970127,-2.099547094,3,0.571428571,0.666666667,22.33333333,4,0.060867187,0,4,0.238095239,0.223446081
YOX1,1,0,1,2.963336945,0,2.963336945,0,0,0,0,7,0.051592243,0,2,0,0.070513654
ZAP1,1,3,4,-1.009910822,-0.078681927,-1.088592749,2,0.615384615,0.6875,11,0,0.031287298,0,4,0.166666672,0.144038147
