id,indegree,outdegree,degree,weighted indegree,weighted outdegree,weighted degree,eccentricity,closnesscentrality,harmonicclosnesscentrality,betweenesscentrality,modularity_class,pageranks,strongcompnum,clustering,eigencentrality
ACE2,2,0,2,0.22882115840911865,0.0,0.22882115840911865,0.0,0.0,0.0,0.0,2,0.04454321318328314,0,0.0,0.08050332338621459
ASH1,3,2,5,1.0266982298344374,0.927797794342041,1.9544960241764784,1.0,1.0,1.0,5.0,0,0.2026308215346012,2,0.25,1.0
CIN5,1,1,2,-3.3480775356292725,-0.315248966217041,-3.6633265018463135,3.0,0.5,0.611111111111111,9.0,1,0.07568438332937863,4,0.0,0.172015953963278
GCR2,3,3,6,-0.5219327062368393,-0.4746091663837433,-0.9965418726205826,4.0,0.5,0.6805555555555555,8.5,2,0.045443047336003566,6,0.03333333507180214,0.06312449866845507
GLN3,0,4,4,0.0,-1.9981250166893005,-1.9981250166893005,3.0,0.5217391304347826,0.6249999999999999,0.0,5,0.02221848054713898,12,0.1666666716337204,0.0
HAP4,0,2,2,0.0,-0.7550710737705231,-0.7550710737705231,4.0,0.42857142857142855,0.5069444444444444,0.0,3,0.02221848054713898,13,0.0,0.0
HMO1,2,2,4,-0.8946062624454498,0.4208999555557966,-0.4737063068896532,2.0,0.6666666666666666,0.75,1.0,0,0.05441364268465245,9,0.3333333432674408,0.19684661156266356
MSN2,3,0,3,1.5281133353710175,0.0,1.5281133353710175,0.0,0.0,0.0,0.0,5,0.13089150983400952,1,0.0,0.6532619092781868
SFP1,4,1,5,-2.1956085339188576,-3.3480775356292725,-5.54368606954813,4.0,0.4,0.5208333333333333,13.0,5,0.0628607139481455,5,0.10000000149011612,0.17251183290992042
STB5,3,2,5,-1.643866777420044,-2.536436438560486,-4.18030321598053,2.0,0.6666666666666666,0.75,11.0,5,0.16757384562187094,3,0.25,0.49157873170092353
SWI4,1,3,4,0.47663944959640503,-6.686678394675255,-6.21003894507885,4.0,0.5,0.6083333333333333,14.0,5,0.03196041994944063,10,0.0,0.03991878894567053
SWI5,0,2,2,0.0,-7.620532274246216,-7.620532274246216,4.0,0.41379310344827586,0.4930555555555555,0.0,4,0.02221848054713898,14,0.0,0.0
YHP1,3,4,7,-7.305620849132538,3.305231899023056,-4.000388950109482,3.0,0.55,0.6515151515151515,23.0,5,0.04582778467016315,11,0.02380952425301075,0.01620969159959155
YOX1,2,0,2,-1.1198709905147552,0.0,-1.1198709905147552,0.0,0.0,0.0,0.0,6,0.04023776355890937,7,0.0,0.057492951111232427
ZAP1,1,2,3,-5.163680076599121,0.1478576585650444,-5.015822418034077,5.0,0.375,0.5472222222222222,5.5,6,0.03127746486218906,8,0.0,0.0523180376020607
