id,indegree,outdegree,degree,weighted indegree,weighted outdegree,weighted degree,eccentricity,closnesscentrality,harmonicclosnesscentrality,betweenesscentrality,modularity_class,pageranks,strongcompnum,clustering,eigencentrality
ACE2,1,1,2,0.9167743921279907,-0.9216409921646118,-0.004866600036621094,3.0,0.5,0.611111111111111,3.0,0,0.04816108850469719,3,0.0,0.008418089685142805
ASH1,3,1,4,-4.2311811447143555,0.10276517271995544,-4.1284159719944,2.0,0.6666666666666666,0.75,10.0,0,0.13529654303558816,2,0.0833333358168602,0.5751175153882768
CIN5,2,4,6,1.100237399339676,0.649788461625576,1.750025860965252,3.0,0.6363636363636364,0.7619047619047619,5.0,1,0.037853132047802995,8,0.23333333432674408,0.2495967587607242
GCR2,0,1,1,0.0,3.2242965698242188,3.2242965698242188,3.0,0.4583333333333333,0.49999999999999994,0.0,0,0.026025937615940558,12,0.0,0.0
GLN3,1,0,1,1.798595666885376,0.0,1.798595666885376,0.0,0.0,0.0,0.0,0,0.16600946949276596,0,0.0,0.8377003735133236
HAP4,5,0,5,-1.6686132848262787,0.0,-1.6686132848262787,0.0,0.0,0.0,0.0,1,0.06959226956326815,6,0.25,0.8619943161166643
HMO1,1,5,6,0.5386896729469299,1.548213005065918,2.086902678012848,3.0,0.55,0.6515151515151515,0.0,1,0.03135847879948073,13,0.4000000059604645,0.11351973386023488
MSN2,2,7,9,3.3248066157102585,-0.8656943440437317,2.459112271666527,2.0,0.7692307692307693,0.85,14.0,0,0.05349362968823736,11,0.1388888955116272,0.1219378235453777
SFP1,3,1,4,0.577644556760788,-1.7967653274536133,-1.2191207706928253,4.0,0.4,0.5208333333333334,9.0,1,0.05504526149048432,5,0.1666666716337204,0.6054378860923815
STB5,1,2,3,-0.23575381934642792,3.2406575679779053,3.0049037486314774,5.0,0.375,0.5472222222222222,0.0,1,0.03406867654010937,7,0.3333333432674408,0.2481383403391393
SWI4,1,3,4,0.4318801164627075,-4.886853635311127,-4.454973518848419,2.0,0.8,0.875,0.0,1,0.03252059086426282,10,0.25,0.13607702490048948
SWI5,1,1,2,-1.7967653274536133,-1.773573637008667,-3.5703389644622803,3.0,0.5,0.611111111111111,7.0,0,0.0727950611231057,4,0.0,0.5296895556462207
YHP1,4,1,5,0.03188247233629227,1.798595666885376,1.8304781392216682,1.0,1.0,1.0,11.0,0,0.16468637683533371,1,0.15000000596046448,1.0
YOX1,3,0,3,0.44836558401584625,0.0,0.44836558401584625,0.0,0.0,0.0,0.0,0,0.04706759893704667,9,0.3333333432674408,0.3926334549247715
ZAP1,0,1,1,0.0,0.9167743921279907,0.9167743921279907,4.0,0.4,0.5208333333333334,0.0,0,0.026025937615940558,14,0.0,0.0
